{"fr":"{\n    \"header\": {\n        \"welcome_back\": \"Bienvenue, {name}\"\n    },\n    \"optimized_checkout\": {\n        \"address\": {\n            \"address_line_1_label\": \"Ligne d'adresse 1\",\n            \"address_line_1_required_error\": \"La ligne d'adresse 1 est requise\",\n            \"address_line_2_label\": \"Ligne d'adresse 2\",\n            \"address_line_2_required_error\": \"La ligne d'adresse 1 est requise\",\n            \"address_not_recognized_heading\": \"Nous n'avons pas reconnu votre adresse\",\n            \"city_label\": \"Ville\",\n            \"city_required_error\": \"Ville est requise\",\n            \"company_name_label\": \"Nom de l'entreprise\",\n            \"company_name_required_error\": \"Société requise\",\n            \"confirm_address_action\": \"Continuer avec l'adresse actuelle\",\n            \"confirm_address_text\": \"Nous n'avons pas trouvé de correspondance pour l'adresse que vous avez entré. Confirmez l'adresse.\",\n            \"country_label\": \"Pays\",\n            \"country_required_error\": \"Le pays est obligatoire\",\n            \"edit_address_action\": \"Modifier l'adresse\",\n            \"enter_address_action\": \"Entrez une nouvelle adresse\",\n            \"first_name_label\": \"Prénom\",\n            \"first_name_required_error\": \"Prénom obligatoire\",\n            \"last_name_label\": \"Nom de famille\",\n            \"last_name_required_error\": \"Nom de famille est requis\",\n            \"phone_number_label\": \"Numéro de téléphone\",\n            \"phone_number_required_error\": \"Numéro de téléphone est requis\",\n            \"postal_code_label\": \"Code postal\",\n            \"postal_code_required_error\": \"Code postal est obligatoire\",\n            \"select_country_action\": \"Sélectionnez un pays\",\n            \"select_state_action\": \"Sélectionner un état\",\n            \"state_label\": \"État / Province\",\n            \"state_required_error\": \"Province est requise\"\n        },\n        \"billing\": {\n            \"billing_address_heading\": \"Adresse de facturation\",\n            \"billing_heading\": \"Facturation\",\n            \"save_billing_address_error\": \"Une erreur s'est produite lors de l'enregistrement de l'adresse de facturation dans votre devis. Veuillez réessayer.\",\n            \"use_shipping_address_label\": \"Mon adresse de facturation est la même que mon adresse d'expédition\"\n        },\n        \"cart\": {\n            \"cart_heading\": \"Sommaire des commandes\",\n            \"digital_item_text\": \"Article numérique\",\n            \"discount_text\": \"Réduction\",\n            \"downloads_action\": \"Aller à Téléchargements\",\n            \"edit_cart_action\": \"Modifier le panier\",\n            \"free_text\": \"Gratuit\",\n            \"gift_certificate_text\": \"Certificat Cadeau\",\n            \"handling_text\": \"Manipulation\",\n            \"item_count_text\": \"{count, plural, one{1 Item} other{# Items}}\",\n            \"print_action\": \"Imprimer\",\n            \"remove_action\": \"supprimer\",\n            \"see_all_action\": \"Voir tout\",\n            \"see_less_action\": \"Voir moins\",\n            \"shipping_text\": \"Livraison\",\n            \"show_details_action\": \"Afficher les détails\",\n            \"store_credit_text\": \"Crédit du magasin\",\n            \"subtotal_text\": \"Sous-total\",\n            \"taxes_text\": \"Taxes\",\n            \"total_text\": \"Total\"\n        },\n        \"common\": {\n            \"cancel_action\": \"Annuler\",\n            \"close_action\": \"Fermer\",\n            \"continue_action\": \"Continuer\",\n            \"edit_action\": \"Modifier\",\n            \"error_heading\": \"Quelque chose s'est mal passé\",\n            \"leave_warning\": \"Etes-vous sûr de vouloir quitter? Les données saisies peuvent ne pas être sauvegardées.\",\n            \"ok_action\": \"Ok\",\n            \"optional_text\": \"Facultatif\",\n            \"unavailable_error\": \"Le paiement est momentanément indisponible. Veuillez réessayer plus tard.\",\n            \"unavailable_heading\": \"Le paiement est momentanément indisponible\"\n        },\n        \"customer\": {\n            \"checkout_as_guest_text\": \"Vérification en tant que <strong>Invité</ strong> Vous pourrez enregistrer vos détails pour créer un compte avec nous plus tard.\",\n            \"continue_as_guest_action\": \"Continuer comme invité\",\n            \"create_account_action\": \"Créer un compte\",\n            \"create_account_error\": \"Une erreur s'est produite lors de la création de votre compte. Veuillez réessayer.\",\n            \"create_account_success\": \"Votre compte a été créé!\",\n            \"create_account_text\": \"Créer un compte pour une sortie plus rapide à l'avenir\",\n            \"create_account_to_continue_text\": \"Vous n'avez pas de compte? <a href=\\\"/login.php?action=create_account\\\" target=\\\"_blank\\\">Créer un compte</a> pour continuer.\",\n            \"customer_heading\": \"Client\",\n            \"email_invalid_error\": \"L'adresse e-mail doit être valide\",\n            \"email_label\": \"Adresse e-mail\",\n            \"email_required_error\": \"Adresse e-mail requise\",\n            \"forgot_password_action\": \"Mot de passe oublié?\",\n            \"guest_customer_text\": \"client invité\",\n            \"login_action\": \"Se connecter maintenant\",\n            \"login_text\": \"Vous avez déjà un compte?\",\n            \"password_confirmation_error\": \"Les mots de passe ne correspondent pas\",\n            \"password_confirmation_label\": \"Confirmer le mot de passe\",\n            \"password_confirmation_required_error\": \"Ce champ est obligatoire\",\n            \"password_label\": \"Mot de passe\",\n            \"password_letter_required_error\": \"Le mot de passe doit contenir une lettre\",\n            \"password_minimum_character_label\": \"caractère minimum, sensibles à la casse\",\n            \"password_number_required_error\": \"Le mot de passe doit contenir un numéro\",\n            \"password_over_maximum_length_error\": \"Le mot de passe est trop long\",\n            \"password_required_error\": \"Mot de passe requis\",\n            \"password_under_minimum_length_error\": \"Mot de passe trop court\",\n            \"returning_customer_text\": \"Client de retour\",\n            \"sign_in_action\": \"Connexion\",\n            \"sign_in_error\": \"Le courrier électronique ou le mot de passe que vous avez entré n'est pas valide.\",\n            \"sign_in_throttled_error\": \"En raison de tentatives excessives de connexion, veuillez patienter 10 secondes avant de tenter de vous reconnecter.\",\n            \"sign_out_action\": \"Se déconnecter\",\n            \"sign_out_error\": \"Une erreur s'est produite lors de la connexion. Veuillez réessayer.\",\n            \"sign_up_newsletter_text\": \"Oui, je souhaite recevoir des mises à jour.\"\n        },\n        \"payment\": {\n            \"amazon_continue_action\": \"Continuer avec Amazon\",\n            \"payment_error\": \"Une erreur s'est produite lors du traitement de votre paiement. Veuillez réessayer.\",\n            \"payment_heading\": \"Paiement\",\n            \"payment_method_error\": \"Réponse du fournisseur de paiement:\",\n            \"payment_method_invalid_error\": \"Il ya un problème de traitement de votre paiement à partir de ce magasin. Contactez le vendeur pour obtenir de l'aide ou choisissez un autre mode de paiement.\",\n            \"payment_method_label\": \"Méthode de paiement\",\n            \"payment_not_required_text\": \"Le paiement n'est pas requis pour cette commande.\",\n            \"paypal_continue_action\": \"Continuer avec PayPal\",\n            \"paypal_description_text\": \"Payer avec votre compte PayPal\",\n            \"paypal_name_text\": \"PayPal\",\n            \"place_order_action\": \"Passer commande\",\n            \"place_order_error\": \"Une erreur s'est produite lors de la commande. Contactez-nous.\"\n        },\n        \"redeemable\": {\n            \"applied_text\": \"Appliqué\",\n            \"apply_action\": \"Appliquer\",\n            \"apply_store_credit_after_action\": \"stocker le crédit à la commande\",\n            \"apply_store_credit_before_action\": \"Appliquer\",\n            \"code_invalid_error\": \"Le certificat cadeau ou le code coupon est invalide\",\n            \"code_label\": \"Certificat Cadeau ou Code Coupon\",\n            \"code_required_error\": \"Veuillez saisir un code cadeau ou un code promo\",\n            \"coupon_text\": \"Coupon\",\n            \"gift_certificate_remaining_text\": \"Restant\",\n            \"gift_certificate_text\": \"Certificat Cadeau\",\n            \"remove_action\": \"Supprimer\",\n            \"store_credit_available_text\": \"Votre compte dispose actuellement de {storeCredit} crédit total disponible\",\n            \"toggle_action\": \"Promotion / Certificat cadeau\"\n        },\n        \"remote\": {\n            \"connection_error\": \"Connexion refusée à la télécommande, merci d'essayer plus tard.\",\n            \"continue_with_text\": \"Ou continuer avec\",\n            \"payment_method_error\": \"Une erreur s'est produite lors de la récupération de votre méthode de paiement à distance. Veuillez réessayer.\",\n            \"session_error\": \"Votre session distante a expiré. Veuillez vous reconnecter.\",\n            \"shipping_address_error\": \"Une erreur s'est produite lors de la récupération de votre adresse de livraison à distance. Veuillez réessayer.\",\n            \"sign_out_action\": \"Se déconnecter de {providerName}\",\n            \"sign_out_after_action\": \"pour afficher les autres méthodes de paiement\",\n            \"sign_out_before_action\": \"\"\n        },\n        \"shipping\": {\n            \"cart_change_error\": \"Une mise à jour de votre panier a été détectée et vos frais de livraison disponibles ont été mis à jour. Veuillez re-sélectionner une méthode d'expédition pour continuer.\",\n            \"enter_shipping_address_text\": \"Veuillez saisir une adresse d'expédition pour voir les devis d'expédition\",\n            \"order_comment_label\": \"Commande Commentaires\",\n            \"save_shipping_address_error\": \"Une erreur s'est produite lors de l'enregistrement de l'adresse d'expédition dans votre devis. Veuillez réessayer.\",\n            \"save_shipping_option_error\": \"Une erreur s'est produite lors de l'enregistrement du devis d'expédition à votre commande.\",\n            \"select_shipping_address_text\": \"Veuillez sélectionner une adresse d'expédition afin de voir les devis d'expédition\",\n            \"shipping_address_heading\": \"Adresse de livraison\",\n            \"shipping_heading\": \"Livraison\",\n            \"shipping_method_label\": \"Méthode d'expédition\",\n            \"view_shipping_options_action\": \"Voir autres options\"\n        },\n        \"social\": {\n            \"share_action\": \"Partager\",\n            \"share_heading\": \"Dites à vos amis de votre achat!\",\n            \"tweet_action\": \"Tweet\"\n        },\n        \"terms_and_conditions\": {\n            \"agreement_required_error\": \"Veuillez accepter les termes et conditions\",\n            \"agreement_text\": \"Oui, je suis d'accord avec les termes et conditions ci-dessus\",\n            \"agreement_with_link_text\": \"Oui, je suis d'accord avec les <a href=\\\"{url}\\\" target=\\\"_blank\\\"> termes et conditions </a>\",\n            \"terms_and_conditions_heading\": \"Conditions générales\"\n        },\n        \"thank_you\": {\n            \"order_number_text\": \"Votre numéro de commande est <strong> {orderNumber} </ strong>\",\n            \"order_with_downloadable_digital_products_text\": \"Vous pouvez télécharger vos achats numériques en cliquant sur les liens de cette page ou en vous connectant à votre compte à tout moment. Vous trouverez également un lien de téléchargement dans votre courriel de confirmation, qui devrait arriver prochainement.\",\n            \"order_with_support_number_text\": \"Vous recevrez un courriel contenant des informations sur votre achat. Si vous avez des questions concernant votre achat, envoyez-nous un courriel à <a ng-href=\\\"mailto:{supportEmail}\\\" target=\\\"_top \\\">{supportEmail}</a> ou appelez-nous au <a href=\\\"tel://{supportPhoneNumber}\\\">{supportPhoneNumber}</a>. \",\n            \"order_without_downloadable_digital_products_text\": \"Une fois que nous recevons votre paiement, nous vous ferons parvenir un courriel de confirmation avec un lien pour télécharger vos achats numériques.\",\n            \"order_without_support_number_text\": \"Vous recevrez un courriel contenant des informations sur votre achat. Si vous avez des questions concernant votre achat, envoyez-nous un courriel à <a ng-href=\\\"mailto:{supportEmail}\\\" target=\\\"_top\\\">{supportEmail}</a>.\",\n            \"thank_you_customer_heading\": \"Merci {count}!\",\n            \"thank_you_heading\": \"Merci!\"\n        }\n    }\n}\n","en-CA":"{\n    \"header\": {\n        \"welcome_back\": \"Good day, {name}\",\n        \"sign_out\": \"Sign Out\"\n    }\n}\n","zh":"{\n    \"optimized_checkout\": {\n        \"address\": {\n            \"address_line_1_label\": \"地址行1\",\n            \"address_line_1_required_error\": \"必須填寫地址行1\",\n            \"address_line_2_label\": \"地址行2\",\n            \"address_line_2_required_error\": \"地址行1為必填\",\n            \"address_not_recognized_heading\": \"我們無法識別您的地址\",\n            \"city_label\": \"城市\",\n            \"city_required_error\": \"需要城市\",\n            \"company_name_label\": \"公司名稱\",\n            \"company_name_required_error\": \"公司是必需的\",\n            \"confirm_address_action\": \"繼續當前地址\",\n            \"confirm_address_text\": \"我們找不到您輸入的地址的匹配項,請確認地址。\",\n            \"country_label\": \"國家\",\n            \"country_required_error\": \"國家是必需的\",\n            \"edit_address_action\": \"編輯地址\",\n            \"enter_address_action\": \"輸入新地址\",\n            \"first_name_label\": \"名字\",\n            \"first_name_required_error\": \"必填名字\",\n            \"last_name_label\": \"姓氏\",\n            \"last_name_required_error\": \"姓氏是必需的\",\n            \"phone_number_label\": \"電話號碼\",\n            \"phone_number_required_error\": \"需要電話號碼\",\n            \"postal_code_label\": \"郵政編碼\",\n            \"postal_code_required_error\": \"需要郵政編碼\",\n            \"select_country_action\": \"選擇國家/地區\",\n            \"select_state_action\": \"選擇狀態\",\n            \"state_label\": \"州/省\",\n            \"state_required_error\": \"省是必需的\"\n        },\n        \"billing\": {\n            \"billing_address_heading\": \"帳單地址\",\n            \"billing_heading\": \"結算\",\n            \"save_billing_address_error\": \"將結算地址保存到您的報價中時出錯,請重試。\",\n            \"use_shipping_address_label\": \"我的帳單地址與我的送貨地址相同\"\n        },\n        \"cart\": {\n            \"cart_heading\": \"訂單摘要\",\n            \"digital_item_text\": \"數字項目\",\n            \"discount_text\": \"折扣\",\n            \"downloads_action\": \"轉到下載\",\n            \"edit_cart_action\": \"編輯購物車\",\n            \"free_text\": \"免費\",\n            \"gift_certificate_text\": \"禮券\",\n            \"handling_text\": \"處理\",\n            \"item_count_text\": \"{count, plural, other{# 件}}\",\n            \"print_action\": \"打印\",\n            \"remove_action\": \"刪除\",\n            \"see_all_action\": \"查看全部\",\n            \"see_less_action\": \"查看更少\",\n            \"shipping_text\": \"送貨\",\n            \"show_details_action\": \"顯示詳細信息\",\n            \"store_credit_text\": \"商店信用\",\n            \"subtotal_text\": \"小計\",\n            \"taxes_text\": \"稅收\",\n            \"total_text\": \"共計\"\n        },\n        \"common\": {\n            \"cancel_action\": \"取消\",\n            \"close_action\": \"關閉\",\n            \"continue_action\": \"繼續\",\n            \"edit_action\": \"編輯\",\n            \"error_heading\": \"有什麼問題\",\n            \"leave_warning\": \"您確定要離開嗎？您輸入的數據可能無法保存。\",\n            \"ok_action\": \"好\",\n            \"optional_text\": \"可選\",\n            \"unavailable_error\": \"結帳暫時無法使用,請稍後再試。\",\n            \"unavailable_heading\": \"結帳暫時不可用\"\n        },\n        \"customer\": {\n            \"checkout_as_guest_text\": \"簽出為<strong>訪客</strong>？您可以保存您的詳細信息,以便以後創建一個帳戶。\",\n            \"continue_as_guest_action\": \"繼續訪客\",\n            \"create_account_action\": \"創建帳戶\",\n            \"create_account_error\": \"創建您的帳戶時出錯,請重試。\",\n            \"create_account_success\": \"您的帳戶已創建！\",\n            \"create_account_text\": \"創建一個帳戶以便日後更快檢出\",\n            \"create_account_to_continue_text\": \"沒有帳戶？<a href=\\\"/login.php?action=create_account\\\" target=\\\"_blank\\\">創建帳戶</a>以繼續。\",\n            \"customer_heading\": \"客戶\",\n            \"email_invalid_error\": \"電子郵件地址必須有效\",\n            \"email_label\": \"電子郵件地址\",\n            \"email_required_error\": \"需要電子郵件地址\",\n            \"forgot_password_action\": \"忘記密碼？\",\n            \"guest_customer_text\": \"訪客客戶\",\n            \"login_action\": \"現在登錄\",\n            \"login_text\": \"已經有帳戶？\",\n            \"password_confirmation_error\": \"密碼不匹配\",\n            \"password_confirmation_label\": \"確認密碼\",\n            \"password_confirmation_required_error\": \"此字段為必填\",\n            \"password_label\": \"密碼\",\n            \"password_letter_required_error\": \"密碼需要包含字母\",\n            \"password_minimum_character_label\": \"字符最小,區分大小寫\",\n            \"password_number_required_error\": \"密碼需要包含一個數字\",\n            \"password_over_maximum_length_error\": \"密碼太長\",\n            \"password_required_error\": \"需要密碼\",\n            \"password_under_minimum_length_error\": \"密碼太短\",\n            \"returning_customer_text\": \"返回客戶\",\n            \"sign_in_action\": \"登錄\",\n            \"sign_in_error\": \"您輸入的電子郵件或密碼無效。\",\n            \"sign_in_throttled_error\": \"由於過多的登錄嘗試,請等待10秒鐘,然後再嘗試登錄。\",\n            \"sign_out_action\": \"登出\",\n            \"sign_out_error\": \"登出時出錯,請重試。\",\n            \"sign_up_newsletter_text\": \"是的,我想接收更新。\"\n        },\n        \"payment\": {\n            \"amazon_continue_action\": \"繼續使用Amazon\",\n            \"payment_error\": \"處理您的付款時出錯,請重試。\",\n            \"payment_heading\": \"付款\",\n            \"payment_method_error\": \"來自付款提供商的響應: \",\n            \"payment_method_invalid_error\": \"處理您在此商店的付款時出現問題,請與賣家聯繫以獲得幫助或選擇其他付款方式。\",\n            \"payment_method_label\": \"付款方式\",\n            \"payment_not_required_text\": \"此訂單不需要付款。\",\n            \"paypal_continue_action\": \"繼續PayPal\",\n            \"paypal_description_text\": \"使用您的PayPal帳戶付款\",\n            \"paypal_name_text\": \"PayPal\",\n            \"place_order_action\": \"下訂單\",\n            \"place_order_error\": \"放置您的訂單時出錯,請與我們聯繫。\"\n        },\n        \"redeemable\": {\n            \"applied_text\": \"應用\",\n            \"apply_action\": \"應用\",\n            \"apply_store_credit_after_action\": \"存儲信用點\",\n            \"apply_store_credit_before_action\": \"應用\",\n            \"code_invalid_error\": \"禮品券或優惠券代碼無效\",\n            \"code_label\": \"禮券或優惠券代碼\",\n            \"code_required_error\": \"請輸入禮券或優惠券代碼\",\n            \"coupon_text\": \"優惠券\",\n            \"gift_certificate_remaining_text\": \"剩餘\",\n            \"gift_certificate_text\": \"禮券\",\n            \"remove_action\": \"刪除\",\n            \"store_credit_available_text\": \"您的帳戶目前擁有{storeCredit}總商店積分\",\n            \"toggle_action\": \"促銷/禮券\"\n        },\n        \"remote\": {\n            \"connection_error\": \"連接到遠程結帳被拒絕,請稍後再試。\",\n            \"continue_with_text\": \"或繼續\",\n            \"payment_method_error\": \"檢索您的遠程付款方式時出錯,請重試。\",\n            \"session_error\": \"您的遠程會話已過期,請重新登錄。\",\n            \"shipping_address_error\": \"檢索您的遠程送貨地址時出錯,請重試。\",\n            \"sign_out_action\": \"退出{providerName}\",\n            \"sign_out_after_action\": \"查看其他付款方式\",\n            \"sign_out_before_action\": \"\"\n        },\n        \"shipping\": {\n            \"cart_change_error\": \"檢測到您的購物車有更新,並且您的可用運費已更新,請重新選擇送貨方式以繼續。\",\n            \"enter_shipping_address_text\": \"請輸入送貨地址為了看到運費報價\",\n            \"order_comment_label\": \"訂單評論\",\n            \"save_shipping_address_error\": \"將運費地址保存到您的報價中時出錯,請重試。\",\n            \"save_shipping_option_error\": \"將運費報價保存到您的訂單時出錯,請重試。\",\n            \"select_shipping_address_text\": \"請選擇送貨地址為了看到運費報價\",\n            \"shipping_address_heading\": \"送貨地址\",\n            \"shipping_heading\": \"裝運\",\n            \"shipping_method_label\": \"裝運方法\",\n            \"view_shipping_options_action\": \"查看其他選項\"\n        },\n        \"social\": {\n            \"share_action\": \"分享\",\n            \"share_heading\": \"告訴你的朋友你的購買！\",\n            \"tweet_action\": \"Tweet\"\n        },\n        \"terms_and_conditions\": {\n            \"agreement_required_error\": \"請同意條款和條件\",\n            \"agreement_text\": \"是,我同意上述條款和條件\",\n            \"agreement_with_link_text\": \"是,我同意<a href=\\\"{url}\\\" target=\\\"_blank\\\">條款</a>\",\n            \"terms_and_conditions_heading\": \"條款和條件\"\n        },\n        \"thank_you\": {\n            \"order_number_text\": \"您的訂單號是<strong>{orderNumber}</strong>\",\n            \"order_with_downloadable_digital_products_text\": \"您可以通過點擊此頁面上的鏈接或通過隨時登錄您的帳戶下載您的數字購買。您的確認電子郵件中還有一個下載鏈接,應該很快就會到達。\",\n            \"order_with_support_number_text\": \"將發送包含您的購買信息的電子郵件。如果您對購買有任何問題,請發送電子郵件至<a ng-href=\\\"mailto: {supportEmail}?subject=Order {orderNumber}\\\" target=\\\"_top\\\">{supportEmail}</a>或致電<a href=\\\"tel://{supportPhoneNumber}\\\">{supportPhoneNumber}</a>。\",\n            \"order_without_downloadable_digital_products_text\": \"我們收到您的付款後,會發送一封確認電子郵件,其中包含下載您的數字購買的鏈接。\",\n            \"order_without_support_number_text\": \"將發送一封包含您的購買信息的電子郵件。如果您對購買有任何問題,請發送電子郵件至<a ng-href=\\\"mailto:{supportEmail}?subject=Order {orderNumber}\\\" target=\\\"_ top\\\">{supportEmail}</a>。\",\n            \"thank_you_customer_heading\": \"謝謝{name}！\",\n            \"thank_you_heading\": \"謝謝！\"\n        }\n    }\n}\n","fr-CA":"{\n    \"header\": {\n        \"welcome_back\": \"Bonjour, {name}\"\n    }\n}\n","en":"{\n    \"header\": {\n        \"welcome_back\": \"Welcome back, {name}\"\n    },\n    \"footer\": {\n        \"brands\": \"Popular Brands\",\n        \"navigate\": \"Navigate\",\n        \"info\": \"Info\",\n        \"categories\": \"Categories\",\n        \"call_us\": \"Call us at {phone_number}\"\n    },\n    \"home\": {\n        \"heading\": \"Home\"\n    },\n    \"blog\": {\n        \"recent_posts\": \"Recent Posts\",\n        \"label\": \"Blog\",\n        \"posted_by\": \"Posted by {name}\"\n    },\n    \"unavailable\": {\n        \"hibernation_title\": \"We'll be back\",\n        \"hibernation_message\": \"Thanks for visiting. Our store is currently unavailable. We apologize for any inconvenience caused.\",\n        \"maintenance_title\": \"Down for Maintenance\",\n        \"maintenance_message\": \"This store is currently unavailable due to maintenance. It should be available again shortly. We apologize for any inconvenience caused.\"\n    },\n    \"brands\": {\n        \"no_products\": \"There are no products listed under this brand.\"\n    },\n    \"categories\": {\n        \"no_products\": \"There are no products listed under this category.\"\n    },\n    \"checkout\": {\n        \"title\": \"Checkout\"\n    },\n    \"cart\": {\n        \"continue_shopping\": \"Click here to continue shopping\",\n        \"items\": \"{NUM, plural, =0{(0 items)} one {(# item)} other {(# items)}}\",\n        \"checkout\": {\n            \"address\": {\n                \"multiple\": \"check out with multiple addresses\",\n                \"or\": \"or\"\n            },\n            \"button\": \"Checkout\",\n            \"empty_cart\": \"Your cart is empty\",\n            \"title\": \"Click here to proceed to checkout\",\n            \"item\": \"Item\",\n            \"price\": \"Price\",\n            \"quantity\": \"Quantity\",\n            \"total\": \"Total\",\n            \"change\": \"Change\",\n            \"subtotal\": \"Subtotal\",\n            \"enter_code\": \"Coupon code / Gift certificate\",\n            \"gift_wrapping\": \"Gift wrapping\",\n            \"shipping\": \"Shipping\",\n            \"grand_total\": \"Grand total\",\n            \"select\": \"Select\",\n            \"update\": \"Update shipping cost\"\n        },\n        \"preview\": {\n            \"checkout_now\": \"Checkout Now\",\n            \"checkout_multiple\": \"or checkout with multiple addresses\",\n            \"view_cart\": \"View Cart\"\n        },\n        \"label\": \"Your Cart ({quantity, plural, one {# item} other {# items}})\",\n        \"is_empty\": \"Your cart is empty\",\n        \"coupon_code\": \"Coupon Code\",\n        \"discount\": \"Discount\",\n        \"gift_certificate\": \"Gift Certificate\",\n        \"remove_file\": \"Remove this file\",\n        \"freeshipping\": \"Free Shipping\",\n        \"reconfigure_product\": \"Configure '{name}'\",\n        \"shipping_peritem\": \"Per Item Shipping\",\n        \"confirm_delete\": \"Are you sure you want to delete this item?\",\n        \"coupons\": {\n            \"empty_error\": \"Please enter your coupon code.\",\n            \"cancel\": \"Cancel\",\n            \"add_code\": \"Add code\",\n            \"add_coupon\": \"Add Coupon\",\n            \"button\": \"Apply\",\n            \"coupon_code\": \"Enter your coupon code\",\n            \"code_label\": \"Coupon ({code})\",\n            \"remove\": \"Remove\"\n        },\n        \"gift_certificates\": {\n            \"add_cert_code\": \"Add Certificate\",\n            \"gift_certificate\": \"Gift Certificate\",\n            \"code_label\": \"Gift Certificate ({code})\",\n            \"cert_code\": \"Enter your certificate code\",\n            \"empty_error\": \"Please enter your valid certificate code.\",\n            \"remove\": \"Remove\"\n        },\n        \"shipping_estimator\": {\n            \"add_info\": \"Add Info\",\n            \"select_a_country\": \"Country\",\n            \"select_a_state\": \"State/province\",\n            \"estimate_shipping\": \"Estimate Shipping\",\n            \"suburb_city\": \"Suburb/city\",\n            \"zip_postal_code\": \"Zip/postcode\",\n            \"free_shipping\": \"Free shipping\",\n            \"hide_ups_rates\": \"Hide UPS Rates\",\n            \"show_ups_rates\": \"Show UPS Rates\"\n        },\n        \"gift_wrapping\": {\n            \"title\": \"Gift Wrapping\",\n            \"add\": \"Add\",\n            \"change\": \"Change\",\n            \"remove\": \"Remove\",\n            \"choose_how\": \"Please choose how you'd like to have this item gift wrapped.\",\n            \"option_same\": \"I'd like to wrap each of this item using the same wrapping options\",\n            \"item_single\": \"Gift wrapping - {name}\",\n            \"item_multiple\": \"Item {index} - {name}\",\n            \"option_different\": \"I'd like to gift wrap each item separately\",\n            \"choose_type\": \"Please choose a type of giftwrapping\",\n            \"gift_message\": \"Gift Message\",\n            \"remove_confirm\": \"Are you sure you want to remove the gift wrapping from this item?\",\n            \"preview\": \"Preview\"\n        },\n        \"added_to_cart\": {\n            \"what_next\": \"Ok, {num_products, plural, one {1 item was} other {# items were}} added to your cart. What's next?\",\n            \"your_cart_contains\": \"Your cart contains {num_products, plural, one {1 item} other {# items}}\",\n            \"proceed_to_checkout\": \"Proceed to checkout\",\n            \"order_subtotal\": \"Order subtotal\",\n            \"continue_shopping\": \"Continue Shopping\",\n            \"view_or_edit_cart\": \"View or edit your cart\",\n            \"you_might_also_like\": \"You may also like\"\n        }\n    },\n    \"common\": {\n        \"store_credit\": \"You have <strong>{store_credit}</strong> of store credit. To use it, simply place your order and you will be able to choose store credit as the payment method when it comes time to pay for your order.\",\n        \"store_credit_overview\": \"{credit} Store Credit\",\n        \"generic_error\": \"Oops! Something went wrong.\",\n        \"currency\": \"Select Currency: {code}\",\n        \"newsletter_signup\": \"Sign up for our newsletter\",\n        \"form_submit\": \"Submit\",\n        \"no_preference\": \"No Preference\",\n        \"other_details\": \"Other Details\",\n        \"required\": \"Required\",\n        \"email_address\": \"Email Address\",\n        \"edit\": \"Edit\",\n        \"not_applicable\": \"N/A\",\n        \"no\": \"No\",\n        \"yes\": \"Yes\",\n        \"from\": \"From\",\n        \"to\": \"to\",\n        \"cancel\": \"Cancel\",\n        \"close\": \"Close\",\n        \"or\": \"or\",\n        \"compare\": \"Compare\",\n        \"sign_up\": \"Sign Up\",\n        \"login\": \"Login\",\n        \"logout\": \"Logout\",\n        \"account\": \"Account\",\n        \"cart\": \"Cart\",\n        \"search\": \"Search\",\n        \"gift_cert\": \"Gift Certificates\",\n        \"save\": \"Save\",\n        \"share\": \"Share\",\n        \"delete\": \"Delete\",\n        \"public\": \"Public\",\n        \"private\": \"Private\",\n        \"view_all\": \"View All\",\n        \"all\": \"All\",\n        \"paginator\": {\n            \"page_of\": \"Page {current} of {total}\"\n        },\n        \"prices_are_in\": \"Prices are in {CODE}\",\n        \"previous\": \"Previous\",\n        \"next\": \"Next\",\n        \"sorter\": {\n            \"relevance\": \"Relevance\",\n            \"sort_by\": \"Sort By:\",\n            \"featured\": \"Featured Items\",\n            \"top_sellers\": \"Best Selling\",\n            \"newest\": \"Newest Items\",\n            \"alpha_asc\": \"A to Z\",\n            \"alpha_desc\": \"Z to A\",\n            \"reviews\": \"By Review\",\n            \"price_asc\": \"Price: Ascending\",\n            \"price_desc\": \"Price: Descending\"\n        },\n        \"loading\": \"Loading\",\n        \"month\": \"Month\",\n        \"day\": \"Day\",\n        \"year\": \"Year\",\n        \"short_months\": {\n            \"1\": \"Jan\",\n            \"2\": \"Feb\",\n            \"3\": \"Mar\",\n            \"4\": \"Apr\",\n            \"5\": \"May\",\n            \"6\": \"Jun\",\n            \"7\": \"Jul\",\n            \"8\": \"Aug\",\n            \"9\": \"Sep\",\n            \"10\": \"Oct\",\n            \"11\": \"Nov\",\n            \"12\": \"Dec\"\n        }\n    },\n    \"compare\": {\n        \"button\": \"Compare Products\",\n        \"header\": \"Comparing {products, plural, one {# Product} other {# Products}}\",\n        \"remove\": \"Remove\",\n        \"no_remove\": \"At least 2 products are needed to make a valid comparison.\",\n        \"add_to_cart\": \"Add to cart\"\n    },\n    \"category\": {\n        \"label\": \"Categories\",\n        \"shop_by_price\": \"Shop By Price\",\n        \"reset\": \"Reset\",\n        \"view_all\": {\n            \"name\": \"All {category}\"\n        }\n    },\n    \"brand\": {\n        \"label\": \"Brands\",\n        \"view_brands\": \"View all brands\"\n    },\n    \"gift_certificate\": {\n        \"heading\": \"Gift Certificates\",\n        \"purchase\": {\n            \"heading\": \"Purchase Gift Certificate\"\n        },\n        \"redeem\": {\n            \"heading\": \"Redeem Gift Certificate\",\n            \"intro\": \"To redeem a gift certificate at {store_name}, follow the simple steps below.\",\n            \"item1\": \"You need your unique gift certificate code, which is part of the gift certificate that was emailed to you as an attachment. It will look something like Z50-Y6K-COS-402.\",\n            \"item2\": \"Browse the store and add items to your cart as you normally would.\",\n            \"item3\": \"Click the '<a href=\\\"{cart_url}\\\">View Cart</a>' link to view the contents of your shopping cart.\",\n            \"item4\": \"Type your gift certificate code in to the 'Redeem Gift Certificate' box and click 'Go'.\"\n        },\n        \"balance\": {\n            \"heading\": \"Check Gift Certificate Balance\",\n            \"intro\": \"You can check the balance of a gift certificate by typing the code in to the box below.\"\n        }\n    },\n    \"create_account\": {\n        \"heading\": \"New Account\",\n        \"captcha_heading\": \"Security Question\",\n        \"created\": {\n            \"heading\": \"Your account has been created\",\n            \"intro\": \"Thank you for creating your account at {store_name}. Your account details have been emailed to <strong>{email}</strong>\",\n            \"continue\": \"Continue Shopping\"\n        }\n    },\n    \"login\": {\n        \"heading\": \"Login\",\n        \"field_email\": \"Email Address:\",\n        \"field_password\": \"Password:\",\n        \"submit_value\": \"Login\",\n        \"forgot_password\": \"Forgot your password?\",\n        \"new_customer\": {\n            \"heading\": \"New Customer?\",\n            \"intro\": \"Create an account with us and you'll be able to:\",\n            \"fact1\": \"Check out faster\",\n            \"fact2\": \"Save multiple shipping addresses\",\n            \"fact3\": \"Access your order history\",\n            \"fact4\": \"Track new orders\",\n            \"fact5\": \"Save items to your wish list\",\n            \"create_account\": \"Create Account\"\n        }\n    },\n    \"reset_password\": {\n        \"heading\": \"Reset Password\",\n        \"intro\": \"Fill in your email below to request a new password. An email will be sent to the address below containing a link to verify your email address.\"\n    },\n    \"account\": {\n        \"breadcrumb\": \"Your Account\",\n        \"nav\": {\n            \"overview\": \"Overview\",\n            \"orders\": \"Orders\",\n            \"returns\": \"Returns\",\n            \"messages\": \"Messages ({num_new_messages})\",\n            \"wishlists\": \"Wish Lists ({num_wishlists})\",\n            \"recently_viewed\": \"Recently Viewed\",\n            \"settings\": \"Account Settings\",\n            \"addresses\": \"Addresses\"\n        },\n        \"mobile_nav\": {\n            \"messages\": \"Messages\",\n            \"wishlists\": \"Wish Lists\"\n        },\n        \"addresses\": {\n            \"heading\": \"Addresses\",\n            \"add_heading\": \"Add New Address\",\n            \"primary\": \"Primary\",\n            \"phone\": \"Phone:\",\n            \"new_address\": \"New Address\",\n            \"no_addresses\": \"You currently have no addresses added to your profile\"\n        },\n        \"messages\": {\n            \"heading\": \"Messages\",\n            \"customer_said\": \"You said:\",\n            \"merchant_said\": \"{store_name} said:\"\n        },\n        \"orders\": {\n            \"heading\": \"Orders\",\n            \"none\": \"You haven't placed any orders with us. When you do, their status will appear on this page.\",\n            \"return\": {\n                \"already_returned\": \"This order contains no products that can be returned. Have you already returned all of the items within this order?\",\n                \"back_button\": \"Go back\",\n                \"order_item\": \"Item\",\n                \"item_price\": \"Price\",\n                \"quantity\": \"Qty To Return\",\n                \"why\": \"Why are you returning these items?\",\n                \"reason\": \"Return Reason\",\n                \"action\": \"Return Action\",\n                \"comments\": \"Comments\"\n            },\n            \"gift_wrapping\": \"Gift wrapping:\",\n            \"refunded\": \"(Refunded)\",\n            \"refunded_quantity\": \"({qty} refunded)\",\n            \"return_item\": \"Return\",\n            \"return_items\": \"Return Items?\",\n            \"order_placed\": \"Order Placed\",\n            \"last_update\": \"Last Update\",\n            \"list\": {\n                \"order_number\": \"Order #{number}\",\n                \"product_details\": \"{num_products, plural, one {1 product} other {# products}} totaling {cost}\"\n            },\n            \"details\": {\n                \"heading\": \"Order #{number}\",\n                \"order_contents\": \"Order Contents\",\n                \"ship_to\": \"Ship To\",\n                \"ship_to_multi\": \"Items shipped to {street}, {city}, {state}, {zip}, {country}\",\n                \"ship_to_multi_text\": \"Order will be shipped to multiple addresses\",\n                \"bill_to\": \"Bill To\",\n                \"how_to_pay\": \"Here's how to pay for your order:\",\n                \"order_details\": \"Order Details\",\n                \"order_total\": \"Order total:\",\n                \"order_status\": \"Order status:\",\n                \"payment_date\": \"Order date:\",\n                \"payment_method\": \"Payment method:\",\n                \"comments\": \"Order Comments\",\n                \"download_items\": \"Download Items\",\n                \"card_ending\": \"ending in {card}\",\n                \"shipments\": {\n                  \"date\": \"Date Shipped\",\n                  \"method\": \"Shipping Method\",\n                  \"link\": \"Tracking Link\",\n                  \"header\": \"Shipping Details\"\n                },\n                \"actions\": \"Actions\",\n                \"reorder\": \"Reorder\",\n                \"return\": \"Return\",\n                \"print_invoice\": \"Print Invoice\"\n            },\n            \"downloads\": {\n                \"heading\": \"Order #{number} Downloads\",\n                \"download_files_below\": \"Below you can download the files for\",\n                \"expired_content\": \"File has expired\",\n                \"days_remaining\": \"{number, plural, one {1 day} other {# days}}\",\n                \"downloads_remaining\": \"{number, plural, one {1 download} other {# downloads}} remaining\",\n                \"days_or_downloads\": \"or {number} downloads\",\n                \"remaining\": \"remaining\"\n            }\n        },\n        \"returns\": {\n            \"heading\": \"Returns\",\n            \"error_no_qty\": \"Please select one or more items to return.\",\n            \"none\": \"You haven't placed any returns with us. When you do, they will appear on this page.\",\n            \"new_return\": \"New Return\",\n            \"from_order\": \"Return Items from Order #{id}\",\n            \"date_requested\": \"Return Requested\",\n            \"successful_heading\": \"Return Request Submitted\",\n            \"successful\": \"Your return was submitted successfully. We'll respond as soon as we can.\",\n            \"return\": \"Return to Orders\",\n            \"last_update\": \"Last Update\",\n            \"reason\": \"Return Reason\",\n            \"action\": \"Return Action\",\n            \"comments\": \"Your Comments\",\n            \"list\": {\n                \"return_number\": \"Return #{id}\",\n                \"product_details\": \"Returning {num_products}\"\n            },\n            \"status\": {\n                \"pending\": \"Pending\",\n                \"received\": \"Received\",\n                \"authorized\": \"Authorized\",\n                \"repaired\": \"Repaired\",\n                \"refunded\": \"Refunded\",\n                \"rejected\": \"Rejected\",\n                \"cancelled\": \"Cancelled\"\n            }\n        },\n        \"settings\": {\n            \"heading\": \"Account Settings\",\n            \"first_name\": \"First Name\",\n            \"last_name\": \"Last Name\",\n            \"email\": \"Email Address\",\n            \"company\": \"Company\",\n            \"phone\": \"Phone Number\",\n            \"old_password\": \"Old Password\",\n            \"new_password\": \"New Password\",\n            \"confirm_password\": \"Confirm Password\",\n            \"update_details\": \"Update Details\"\n        },\n        \"recent_items\": {\n            \"heading\" : \"Recently Viewed\",\n            \"no_items\": \"The items you've recently looked at on our site will appear below.\"\n        },\n        \"wishlists\": {\n            \"heading\": \"Wishlists\",\n            \"tag_line\": \"Fill in the form below to create a wish list. Click the \\\"Save\\\" button when you're done.\",\n            \"new\": \"New Wishlist\",\n            \"you_have_none\": \"You have no wishlists, add one now.\",\n            \"empty_wishlist\": \"Your wish list is empty. When you add items to your wish list they will appear here.\",\n            \"num_items\": \"Items\",\n            \"add_item\": \"Add to Wishlist\",\n            \"remove_item\": \"Remove Item\",\n            \"name\": \"Wishlist Name\",\n            \"shared\": \"Shared\",\n            \"action\": \"Action\",\n            \"add\": \"Add Wishlist\",\n            \"delete_all\": \"Delete All\",\n            \"edit\": \"Edit Wishlist\",\n            \"view_heading\": \"Wish List: {name}\",\n            \"share_intro\": \"Share this wishlist with friends:\",\n            \"num_products\": \"{num_products, plural, one {1 product} other {# products}}\",\n            \"create\": \"Create Wishlist\",\n            \"save\": \"Save Wishlist\",\n            \"delete_alert\": \"Are you sure you want to delete your wish list(s)? This action cannot be undone.\"\n        }\n    },\n    \"page\": {\n        \"label\": \"Quick Links\",\n        \"rss\": {\n            \"intro\": \"RSS feeds are used for syndicating regularly changing content on a web site, including this one. You can open an RSS feed using an RSS reader and use it to see if there is any new content on this site or you can set up a server-side script to parse the feed and display it on your web site.\",\n            \"heading\": \"RSS Syndication\",\n            \"blog\": {\n                \"heading\": \"Recent Blog Posts\",\n                \"intro\": \"The recent post feed contains the latest {limit} blog posts published on {store}.\",\n                \"rss\": \"Latest {limit} Blog Posts (RSS)\",\n                \"rss_atom\": \"Latest {limit} Blog Posts (Atom)\"\n            },\n            \"products\": {\n                \"new\": {\n                    \"heading\": \"New Products\",\n                    \"intro\": \"The latest products feed contains the latest {limit} products added to {store}.\",\n                    \"rss\": \"Latest {limit} New Products (RSS)\",\n                    \"rss_atom\": \"Latest {limit} New Products (Atom)\"\n                },\n                \"popular\": {\n                    \"heading\": \"Popular Products\",\n                    \"intro\": \"The popular products feed contains the top {limit} most popular products on {store} as rated by users.\",\n                    \"rss\": \"Latest {limit} Popular Products (RSS)\",\n                    \"rss_atom\": \"Latest {limit} Popular Products (Atom)\"\n                },\n                \"featured\": {\n                    \"heading\": \"Featured Products\",\n                    \"intro\": \"The featured products feed contains the latest {limit} featured products on {store}.\",\n                    \"rss\": \"Latest {limit} Featured Products (RSS)\",\n                    \"rss_atom\": \"Latest {limit} Featured Products (Atom)\"\n                }\n            },\n            \"search\": {\n                \"heading\": \"Product Searches\",\n                \"intro1\": \"Product search feeds allow you to save your custom product searches as syndication feed that will always update when there are new results.\",\n                \"intro2\": \"To create a product search feed, perform a standard search on {store} and at the bottom of the page click on one of the syndication options.\"\n            }\n        }\n    },\n    \"forms\": {\n        \"range\": \"You need to enter numbers only between: {limitTo} and {limitFrom}\",\n        \"contact_us\": {\n            \"full_name\": \"Full Name\",\n            \"email\": \"Email Address\",\n            \"company\": \"Company Name\",\n            \"phone\": \"Phone Number\",\n            \"order\": \"Order Number\",\n            \"rma\": \"RMA Number\",\n            \"captcha\": \"Are you human?\",\n            \"captcha_desc\": \"Please copy the characters from the image into the text field below. Doing this helps us prevent automated submissions.\",\n            \"question\": \"Comments/Questions\",\n            \"submit\": \"Submit Form\",\n            \"successful\": \"We've received your feedback and will respond shortly if required. <a href=\\\"{shopPath}\\\">Continue</a>.\"\n        },\n        \"create_account\": {\n            \"submit_value\": \"Create Account\"\n        },\n        \"new_password\": {\n            \"heading\": \"Change Password\",\n            \"password\": \"New Password\",\n            \"password2\": \"Confirm Password\",\n            \"submit_value\": \"Continue\"\n        },\n        \"address\": {\n            \"add\": {\n                \"heading\": \"Add New Address\",\n                \"description\": \"Use the form below to change any/all details of your shipping address. Click the 'Save Address' button when you are done.\"\n            },\n            \"edit\": {\n                \"heading\": \"Update Address\"\n\n            },\n            \"confirm_delete\": \"Are you sure you want to delete this address?\",\n            \"submit_value\": \"Save Address\"\n        },\n        \"gift_certificate\": {\n            \"purchase\": {\n                \"to_name\": \"Recipient's Name\",\n                \"to_email\": \"Recipient's Email\",\n                \"from_name\": \"Your Name\",\n                \"from_email\": \"Your Email\",\n                \"message\": \"Optional Message\",\n                \"amount\": \"Amount\",\n                \"theme\": \"Gift Certificate Theme\",\n                \"custom_range\": \"(Value must be between {min} and {max})\",\n                \"agree\": \"I understand that Gift Certificates expire after {days, plural, one {1 day} other {# days}}\",\n                \"agree2\": \"I agree that Gift Certificates are nonrefundable\",\n                \"preview\": \"Preview\",\n                \"preview_error\": \"There was a problem loading the preview. Please try again later.\",\n                \"submit_value\": \"Add Gift Certificate to Cart\"\n            },\n            \"balance\": {\n                \"code\": \"Gift Certificate Code\",\n                \"submit_value\": \"Check Balance\"\n            }\n        },\n        \"inbox\": {\n            \"order\": \"Order:\",\n            \"order_display\": \"Order #{id} - Placed on {date} for {total}\",\n            \"subject\": \"Subject\",\n            \"message\": \"Message\",\n            \"submit_value\": \"Send Message\",\n            \"send_message\": \"Send a Message\",\n            \"clear_value\": \"Clear\",\n            \"no_orders\": \"Once you place an order you'll have full access to send messages from this page.\"\n        },\n        \"search\": {\n            \"query\": \"Search Keyword\",\n            \"show\": \"Show Search Form\",\n            \"hide\": \"Hide Search Form\",\n            \"title\": \"Advanced Search\",\n            \"price_range\": \"Price Range\",\n            \"by_price\": \"Search By Price\",\n            \"by_setting\": \"Search By Setting\",\n            \"search\": \"Search\",\n            \"free_shipping\": {\n                \"title\": \"Free Shipping\",\n                \"free\": \"Only Free Shipping\",\n                \"paid\": \"Only Paid Shipping\"\n            },\n            \"featured_products\": {\n                \"title\": \"Featured Products\",\n                \"enabled\": \"Only Featured Products\",\n                \"disabled\": \"Only Non-Featured Products\"\n            },\n            \"categories\": \"Categories\",\n            \"did_you_mean\": \"Did you mean:\",\n            \"your_search_for\": \"Your search for\",\n            \"no_match\": \"did not match any products or information.\",\n            \"suggestions\": {\n                \"title\": \"Suggestions:\",\n                \"line1\": \"Make sure all words are spelled correctly.\",\n                \"line2\": \"Try different keywords.\",\n                \"line3\": \"Try more general keywords.\"\n            },\n            \"refine\": \"Refine Search\",\n            \"brand\": \"Brands\",\n            \"searchsubs\": \"Automatically search sub categories\"\n        },\n        \"wishlist\": {\n            \"name\": \"Wishlist Name:\",\n            \"public\": \"Share Wishlist?\"\n        }\n    },\n    \"products\": {\n        \"current_stock\": \"Current Stock:\",\n        \"quantity\": \"Quantity:\",\n        \"quantity_decrease\": \"Decrease Quantity:\",\n        \"quantity_increase\": \"Increase Quantity:\",\n        \"purchase_units\": \"{quantity, plural, =0{0 units} one {# unit} other {# units}}\",\n        \"max_purchase_quantity\": \"Maximum Purchase:\",\n        \"min_purchase_quantity\": \"Minimum Purchase:\",\n        \"related_products\": \"Related Products\",\n        \"top\": \"Most Popular Products\",\n        \"similar_by_views\": \"Customers Also Viewed\",\n        \"featured\": \"Featured Products\",\n        \"file_option_set\": \"Currently: <a href=\\\"{url}\\\" target=\\\"_blank\\\">{name}</a>\",\n        \"new\": \"New Products\",\n        \"warranty\": \"Warranty Information\",\n        \"reviews\": {\n            \"captcha_heading\": \"Security Question\",\n            \"hide\": \"Hide Reviews\",\n            \"new\": \"Write a Review\",\n            \"show\": \"Show Reviews\",\n            \"header\": \"{total, plural, =0{0 Reviews} one {# Review} other {# Reviews}}\",\n            \"rating\": \"Rating\",\n            \"link_to_review\": \"({total, plural, =0{No reviews yet} one {# review} other {# reviews}})\",\n            \"post_on_by\": \"Posted by { name } on { date }\",\n            \"rating_label\": \"Rating\",\n            \"select_rating\": \"Select Rating\",\n            \"anonymous_poster\": \"Unknown\",\n            \"rating\": {\n                \"1\": \"1 star (worst)\",\n                \"2\": \"2 stars\",\n                \"3\": \"3 stars (average)\",\n                \"4\": \"4 stars\",\n                \"5\": \"5 stars (best)\"\n            },\n            \"write_a_review\": \"Write a Review\",\n            \"form_write\": {\n                \"name\": \"Name\",\n                \"email\": \"Email\",\n                \"subject\": \"Review Subject\",\n                \"comments\": \"Comments\",\n                \"submit_value\": \"Submit Review\"\n            }\n        },\n        \"videos\": {\n            \"header\": \"Videos\",\n            \"hide\": \"Hide Videos\",\n            \"show\": \"Show Videos\"\n        },\n        \"add_to_cart\": \"Add to Cart\",\n        \"adding_to_cart\": \"Adding to cart…\",\n        \"options\": \"Options\",\n        \"none\": \"None\",\n        \"sku\": \"SKU:\",\n        \"upc\": \"UPC:\",\n        \"condition\": \"Condition:\",\n        \"availability\": \"Availability:\",\n        \"shipping\": \"Shipping:\",\n        \"shipping_fixed\": \"{amount} (Fixed Shipping Cost)\",\n        \"shipping_free\": \"Free Shipping\",\n        \"shipping_calculated\": \"Calculated at Checkout\",\n        \"sold_out\": \"Sold Out\",\n        \"pre_order\": \"Pre-Order Now\",\n        \"choose_options\": \"Choose Options\",\n        \"quick_view\": \"Quick view\",\n        \"compare\": \"Compare\",\n        \"max_filesize\": \"Maximum file size is\",\n        \"filetypes\": \"file types are\",\n        \"choose_an_option\": \"Please choose an option\",\n        \"select_one\": \"Please select one\",\n        \"description\": \"Description\",\n        \"retail_price\": \"MSRP\",\n        \"price_with_tax\": \"(Inc. {tax_label})\",\n        \"price_without_tax\": \"(Ex. {tax_label})\",\n        \"including_tax\": \"Icluding Tax\",\n        \"excluding_tax\": \"Excluding Tax\",\n        \"weight\": \"Weight:\",\n        \"you_save\": \"(You save {amount})\",\n        \"gift_wrapping\": \"Gift wrapping:\",\n        \"gift_wrapping_available\": \"Options available\",\n        \"quantity_min\": \"The minimum purchasable quantity is {quantity}\",\n        \"quantity_max\": \"The maximum purchasable quantity is {quantity}\",\n        \"bulk_pricing\": {\n            \"title\": \"Bulk Pricing:\",\n            \"view\": \"Buy in bulk and save\",\n            \"modal_title\": \"Bulk discount rates\",\n            \"instructions\": \"Below are the available bulk discount rates for each individual item when you purchase a certain amount\",\n            \"range\": \"Buy {min} {max, plural, =0{or above} other {- #}}\",\n            \"percent\": \"and get {discount} off\",\n            \"price\": \"and get {discount} off\",\n            \"fixed\": \"and pay only {discount} each\"\n        }\n    },\n    \"invoice\": {\n        \"for_order\": \"{name} Invoice for Order #{id}\",\n        \"phone\": \"Phone: {number}\",\n        \"email\": \"Email: {email}\",\n        \"order\": \"Order:\",\n        \"payment_method\": \"Payment Method:\",\n        \"order_date\": \"Order Date:\",\n        \"shipping_method\": \"Shipping Method:\",\n        \"order_items\": \"Order Items\",\n        \"qty\": \"Qty\",\n        \"code\": \"Code/SKU\",\n        \"shipping_address\": \"Shipping Address\",\n        \"product_name\": \"Product Name\",\n        \"price\": \"Price\",\n        \"total\": \"Total\",\n        \"comments\": \"Comments\"\n    },\n    \"newsletter\": {\n        \"subscribe\": \"Subscribe to our newsletter\",\n        \"subscribe_intro\": \"Get the latest updates on new products and upcoming sales\",\n        \"subscribe_submit\": \"Subscribe\",\n        \"email_placeholder\": \"Your email address\",\n        \"subscribed_heading\": \"Thanks for Subscribing!\",\n        \"subscribed_heading_error\": \"Oops...\",\n        \"subscribed_message\": \"Thank you for joining our mailing list. You'll be sent the next issue of our newsletter shortly\",\n        \"unsubscribed_heading\": \"Unsubscribed!\",\n        \"unsubscribed_message\": \"You will no longer receive marketing emails from <b>{store_name}</b>\"\n    },\n    \"social\": {\n        \"connect\": \"Connect With Us\"\n    },\n    \"errors\": {\n        \"shipping_quote_failure\": \"There was a problem retrieving your shipping quote\",\n        \"state_error\": \"There was a problem retrieving states/provinces\"\n    },\n    \"search\": {\n        \"quick_search\": {\n            \"input_label\": \"Search\",\n            \"input_placeholder\": \"Search the store\"\n        },\n        \"results\": {\n            \"form_label\": \"Search Keyword:\",\n            \"form_button_text\": \"Search\",\n            \"count\": \"{ count, plural, one {# result} other {# results} } for '{ search_query }'\",\n            \"quick_count\": \"{ count, plural, one {# product result} other {# product results} } for '{ search_query }'\",\n            \"product_count\": \"Products ({count})\",\n            \"content_count\": \"News & Information ({count})\"\n        },\n        \"faceted\": {\n            \"selected\": {\n                \"title\": \"Refine by\",\n                \"rating-label\": \"Rated {rating, plural, one {# Star} other {# Stars}} Or More\",\n                \"no-filters\": \"No filters applied\",\n                \"clear-all\": \"Clear all\"\n            },\n            \"range\": {\n                \"update\": \"Update\",\n                \"min-placeholder\": \"Min.\",\n                \"max-placeholder\": \"Max.\"\n            },\n            \"rating\": {\n                \"and-up\": \"& up\"\n            },\n            \"clear\": \"Clear\",\n            \"more\": \"More\",\n            \"show-more\": \"Show More\",\n            \"show-less\": \"Show Less\",\n            \"show-filters\": \"Show Filters\",\n            \"hide-filters\": \"Hide Filters\",\n            \"browse-by\": \"Browse by\"\n        },\n        \"error\": {\n            \"empty_field\": \"Search field cannot be empty.\"\n        }\n    },\n    \"page_not_found\": {\n        \"page_heading\": \"404 Error - Page not found\",\n        \"message\": \"Uh oh, looks like the page you are looking for has moved or no longer exists.\"\n    },\n    \"server_error\": {\n        \"page_heading\": \"Something Went Wrong...\",\n        \"message\": \"Store is currently unavailable, please try again in a few minutes\"\n    },\n    \"forbidden\": {\n        \"page_heading\": \"403 Error - Forbidden\",\n        \"message\": \"You do not have permission to access this page.\"\n    },\n    \"sitemap\": {\n        \"page_title\": \"Sitemap\",\n        \"show_all_link\": \"Show All\"\n    },\n    \"text_truncate\": {\n        \"view_more\": \"View more details\",\n        \"view_less\": \"Hide details\"\n    },\n    \"cookies\": {\n        \"accept\": \"Accept Cookies\"\n    },\n    \"maintenance\": {\n        \"down\": \"Down for Maintenance\"\n    }\n}\n"}